batch_size,hidden_size,learning_rate,output_dropout,seq_length,statics_embedding,predicted_pNSE_median
256,128,0.0005,0.774,65,10,0.16782826359963288
128,128,0.0005,0.732,67,8,0.16782826359963288
128,128,0.0,0.816,71,9,0.16782826359963288
128,128,0.0005,0.521,90,9,0.16782826359963288
128,128,0.0005,0.858,87,9,0.16782826359963288
