batch_size,hidden_size,learning_rate,output_dropout,seq_length,statics_embedding,predicted_NSE_median
1024,128,0.0,0.689,108,8,0.5597373678851573
1024,128,0.0,0.732,102,9,0.5597373678851573
1024,128,0.0005,0.563,103,9,0.5597373678851573
1024,128,0.0005,0.521,108,10,0.5597373678851573
1024,128,0.0005,0.647,95,9,0.5597373678851573
